{
  "$schema": "https://biomejs.dev/schemas/2.3.0/schema.json",
  "vcs": {
    "enabled": true,
    "clientKind": "git",
    "useIgnoreFile": true
  },
  "files": {
    "ignoreUnknown": false,
    "ignore": ["dist", "node_modules", "*.d.ts"]
  },
  "formatter": {
    "enabled": true,
    "indentStyle": "space",
    "indentWidth": 2,
    "lineWidth": 100
  },
  "linter": {
    "enabled": true,
    "rules": {
      "recommended": true,
      "suspicious": {
        "noExplicitAny": "off"
      },
      "style": {
        "noNonNullAssertion": "off"
      }
    }
  },
  "javascript": {
    "formatter": {
      "quoteStyle": "single",
      "semicolons": "always",
      "trailingCommas": "es5"
    }
  }
}
