{
  "name": "stellar-descent-military-buttons",
  "version": "2.0.0",
  "notes": "Each state is visually distinct. Geometry and text-safe area identical across states.",
  "recommendedAssetSizePx": {
    "width": 1024,
    "height": 384
  },
  "slicePx": {
    "left": 96,
    "right": 96,
    "top": 64,
    "bottom": 64
  },
  "states": {
    "normal": {
      "png": "assets/ui/buttons/btn_military_olive_normal.png",
      "capInsetsPx": {
        "left": 96,
        "right": 96,
        "top": 64,
        "bottom": 64
      }
    },
    "hover": {
      "png": "assets/ui/buttons/btn_military_olive_hover.png",
      "capInsetsPx": {
        "left": 96,
        "right": 96,
        "top": 64,
        "bottom": 64
      }
    },
    "pressed": {
      "png": "assets/ui/buttons/btn_military_olive_pressed.png",
      "capInsetsPx": {
        "left": 96,
        "right": 96,
        "top": 64,
        "bottom": 64
      }
    },
    "disabled": {
      "png": "assets/ui/buttons/btn_military_olive_disabled.png",
      "capInsetsPx": {
        "left": 96,
        "right": 96,
        "top": 64,
        "bottom": 64
      }
    }
  }
}